text_id,cohesion,syntax,vocabulary,phraseology,grammar,conventions
0000C359D63E,3.315753673,3.224020902,3.40703124,3.326537406,3.260234829,3.265009433
000BAD50D026,3.151383974,3.054056451,3.250885001,3.15462727,3.10745953,3.098086248
00367BB2546B,3.221700185,3.123195133,3.329539366,3.226079581,3.105179677,3.166579201
